CommitHash,Author,Date,Message,FilesChanged
04d750509b90da728e53aee8d7516426e5a1a293,dependabot[bot],2026-05-04T14:42:06-07:00,"Bump https://github.com/astral-sh/ruff-pre-commit (#7411)

Bumps the pre-commit group with 1 update: [https://github.com/astral-sh/ruff-pre-commit](https://github.com/astral-sh/ruff-pre-commit).


Updates `https://github.com/astral-sh/ruff-pre-commit` from v0.15.11 to 0.15.12
- [Release notes](https://github.com/astral-sh/ruff-pre-commit/releases)
- [Commits](https://github.com/astral-sh/ruff-pre-commit/compare/v0.15.11...v0.15.12)

---
updated-dependencies:
- dependency-name: https://github.com/astral-sh/ruff-pre-commit
  dependency-version: 0.15.12
  dependency-type: direct:production
  dependency-group: pre-commit
...

Signed-off-by: dependabot[bot] <support@github.com>
Co-authored-by: dependabot[bot] <49699333+dependabot[bot]@users.noreply.github.com>",['.pre-commit-config.yaml']
f7822f7c4185b45527f171095c4edf8777efe51b,Nate Prewitt,2026-05-03T12:51:27-07:00,v2.34.0.dev1,"['HISTORY.md', 'src/requests/__version__.py']"
561e4b6889f53584c39a67f8794c53a414f68481,Nate Prewitt,2026-05-03T12:38:48-07:00,Add inline types to Requests (#7272),"['.github/workflows/typecheck.yml', 'pyproject.toml', 'src/requests/__init__.py', 'src/requests/_internal_utils.py', 'src/requests/_types.py', 'src/requests/adapters.py', 'src/requests/api.py', 'src/requests/auth.py', 'src/requests/compat.py', 'src/requests/cookies.py', 'src/requests/exceptions.py', 'src/requests/help.py', 'src/requests/hooks.py', 'src/requests/models.py', 'src/requests/py.typed', 'src/requests/sessions.py', 'src/requests/status_codes.py', 'src/requests/structures.py', 'src/requests/utils.py', 'tests/test_requests.py']"
8f6cda9969f4a98c45ea2922f6bcbefc02256202,Nate Prewitt,2026-04-30T10:05:37-07:00,Add tests for hasattr/getattr usage on LookupDict (#7401),['tests/test_structures.py']
27e0981962d355b9532256f4dcb3d42f64b04d9c,Dimitri Papadopoulos Orfanos,2026-04-30T07:35:13-07:00,Fix remaining typos (#7395),"['src/requests/adapters.py', 'tests/test_requests.py']"
6ec76b4a36fba4a32fb72f5f9ba04e632635e477,Dimitri Papadopoulos Orfanos,2026-04-27T08:08:18-07:00,Ruff rule UP038 has been removed (#7393),['pyproject.toml']
f43f750ee10addbaa13901c1017631b4d70fd6e3,dependabot[bot],2026-04-24T08:19:25-06:00,Bump https://github.com/astral-sh/ruff-pre-commit (#7390),['.pre-commit-config.yaml']
9450dd51fb423c17f01325d5f23e62b0450696c6,Nate Prewitt,2026-04-24T05:52:01-05:00,Create groups for GHA and pre-commit dependabot PRs (#7387),['.github/dependabot.yml']
93bf5331a70cd2c77ac3ba43f85c918cae67c69f,Nate Prewitt,2026-04-23T13:53:48-07:00,Update index.rst to match README info (#7386),['docs/index.rst']
79f4df84cf77a2fee873809821dfbd786de05b97,dependabot[bot],2026-04-20T12:32:32-07:00,"Bump pypa/gh-action-pypi-publish from 1.13.0 to 1.14.0 (#7378)

Bumps [pypa/gh-action-pypi-publish](https://github.com/pypa/gh-action-pypi-publish) from 1.13.0 to 1.14.0.
- [Release notes](https://github.com/pypa/gh-action-pypi-publish/releases)
- [Commits](https://github.com/pypa/gh-action-pypi-publish/compare/ed0c53931b1dc9bd32cbe73a98c7f6766f8a527e...cef221092ed1bacb1cc03d23a2d87d1d172e277b)

---
updated-dependencies:
- dependency-name: pypa/gh-action-pypi-publish
  dependency-version: 1.14.0
  dependency-type: direct:production
  update-type: version-update:semver-minor
...

Signed-off-by: dependabot[bot] <support@github.com>
Co-authored-by: dependabot[bot] <49699333+dependabot[bot]@users.noreply.github.com>",['.github/workflows/publish.yml']
b294b08fe3b08df9f646f64d1250f96193dab066,Dejan SANADER,2026-04-20T09:24:32-07:00,Consider urllib3 version has 3 numbers at most (#7375) (#7376),['src/requests/__init__.py']
5f3ff9b9e4d3d44960467e7877e06e9efa22f20b,Christian Clauss,2026-04-19T11:34:20-07:00,Fix typos discovered by codespell (#7371),['tests/test_requests.py']
514c1623fefff760bfa15a693aa38e474aba8560,Nate Prewitt,2026-04-15T11:30:57-07:00,Update README and remove extraneous images (#7366),"['README.md', 'ext/flower-of-life.jpg', 'ext/kr-compressed.png', 'ext/psf-compressed.png', 'ext/ss-compressed.png', 'ext/ss.png']"
d2f6bdecc835475c3cfbb83565ea879d7b2712ca,Chris Riches,2026-04-15T08:06:46-07:00,"Clarify decode_unicode behaviour in iter_{content,lines} docstrings (#7365)",['src/requests/models.py']
a044b020dea43230585126901684a0f30ec635a8,Nate Prewitt,2026-04-15T07:56:38-07:00,Move DigestAuth hash algorithms to use usedforsecurity=False (#7310),['src/requests/auth.py']
16df2a09173b17a82d607c31a6826b7c5dd0fc57,Nate Prewitt,2026-04-14T20:04:46-07:00,Move pytest pin to support 9.x series (#7364),['requirements-dev.txt']
fe2063be0cfbc08150ef468ae57a708c2514a321,Nate Prewitt,2026-04-14T10:58:28-07:00,Don't hide navigation on mobile webpage (#7360),['docs/_static/custom.css']
4b0b1a3e9f2fc21b9dcd8b906f2ff02645aa697e,Nate Prewitt,2026-04-11T19:05:37-05:00,"Update pre-commit versions (#7348)

* Update pre-commit versions

* Add dependabot entry for pre-commit

* Update pre-commit and ruff hooks","['.github/dependabot.yml', '.pre-commit-config.yaml']"
185f587a78e2d2df31ae8af8c95d97a012213df7,Nate Prewitt,2026-04-11T13:39:24-06:00,Cleanup docs and add i18n wrappers (#7354),"['docs/_static/custom.css', 'docs/_templates/hacks.html', 'docs/_templates/sidebar.html', 'docs/_templates/sidebarintro.html', 'docs/_templates/sidebarlogo.html', 'docs/conf.py']"
ef439eb779c1eba7cbdeeeb302b11e1e061b4b7d,Nate Prewitt,2026-04-05T08:31:02-07:00,Prevent Response self-reference in redirect history (#7328),"['src/requests/sessions.py', 'tests/test_requests.py']"
cbce031327be4f1b4b5fd041ff4dcaa8efa2ce53,Nate Prewitt,2026-03-31T21:28:16-05:00,Add Zizmor workflow and make initial updates,"['.github/dependabot.yml', '.github/workflows/close-issues.yml', '.github/workflows/codeql-analysis.yml', '.github/workflows/lint.yml', '.github/workflows/run-tests.yml', '.github/workflows/zizmor.yml']"
6360477c52303c9445b45fa8744b02d05a2f0905,dependabot[bot],2026-03-30T12:33:02-06:00,"Bump github/codeql-action from 4.34.1 to 4.35.1

Bumps [github/codeql-action](https://github.com/github/codeql-action) from 4.34.1 to 4.35.1.
- [Release notes](https://github.com/github/codeql-action/releases)
- [Changelog](https://github.com/github/codeql-action/blob/main/CHANGELOG.md)
- [Commits](https://github.com/github/codeql-action/compare/38697555549f1db7851b81482ff19f1fa5c4fedc...c10b8064de6f491fea524254123dbe5e09572f13)

---
updated-dependencies:
- dependency-name: github/codeql-action
  dependency-version: 4.35.1
  dependency-type: direct:production
  update-type: version-update:semver-minor
...

Signed-off-by: dependabot[bot] <support@github.com>",['.github/workflows/codeql-analysis.yml']
111d2b77790bf49943c0dfa09b365371c24aec7e,Nate Prewitt,2026-03-30T09:07:00-07:00,v2.33.1,"['HISTORY.md', 'src/requests/__version__.py']"
f0198e6dfc431a2293dc16e1b1e8fcddc910a7f3,Nate Prewitt,2026-03-30T08:27:35-07:00,Fix malformed value parsing for Content-Type (#7309),"['src/requests/utils.py', 'tests/test_utils.py']"
bc7dd0fc4d56e808bcdd85ac2d797b3107c89259,Nate Prewitt,2026-03-30T08:24:49-07:00,Fix cosmetic header validity parsing regex (#7308),"['src/requests/_internal_utils.py', 'tests/test_requests.py']"
4443b1a847b190010c2972a658924b98b5db6360,Nate Prewitt,2026-03-30T08:23:00-07:00,Fix unintended test extra (#7306),['pyproject.toml']
389eea58dfb2f2ee096421a812e3af29c0298951,Nate Prewitt,2026-03-30T08:21:38-07:00,Cleanup extracted file after extract_zipped_path test (#7305),['tests/test_utils.py']
7407309c8a8a73aa2f4337184025d440bbedab7a,Frank Dana,2026-03-29T21:07:31-07:00,Packaging: DRY out extras definition (#7277),['pyproject.toml']
bc04dfd6dad4cb02cd92f5daa81eb562d280a761,Nate Prewitt,2026-03-25T08:06:17-07:00,v2.33.0,"['HISTORY.md', 'src/requests/__version__.py']"
66d21cb07bd6255b1280291c4fafb71803cdb3b7,Nate Prewitt,2026-03-25T07:57:56-07:00,Merge commit from fork,['src/requests/utils.py']
8b9bc8fc0f63be84602387913c4b689f19efd028,Nate Prewitt,2026-03-25T05:18:38+00:00,Move badges to top of README (#7293),['README.md']
e331a288f369973f5de0ec8901c94cae4fa87286,Nate Prewitt,2026-03-24T22:15:21-07:00,Remove unused extraction call (#7292),"['src/requests/adapters.py', 'src/requests/utils.py']"
753fd08c5eacce0aa0df73fe47e49525c67e0a29,rohan436,2026-03-24T19:36:48-06:00,"docs: fix FAQ grammar in httplib2 example

Signed-off-by: rohan436 <rohan.santhoshkumar@googlemail.com>",['docs/community/faq.rst']
774a0b837a194ee885d4fdd9ca947900cc3daf71,Magsen (CD),2026-03-24T19:26:47-06:00,"docs(socks): same block as other sections

strange formatting:
https://docs.python-requests.org/en/latest/user/advanced/#socks",['docs/user/advanced.rst']
9c72a41bec8597f948c9d8caa5dc3f12273b3303,dependabot[bot],2026-03-23T11:43:09-06:00,"Bump github/codeql-action from 4.33.0 to 4.34.1

Bumps [github/codeql-action](https://github.com/github/codeql-action) from 4.33.0 to 4.34.1.
- [Release notes](https://github.com/github/codeql-action/releases)
- [Changelog](https://github.com/github/codeql-action/blob/main/CHANGELOG.md)
- [Commits](https://github.com/github/codeql-action/compare/b1bff81932f5cdfc8695c7752dcee935dcd061c8...38697555549f1db7851b81482ff19f1fa5c4fedc)

---
updated-dependencies:
- dependency-name: github/codeql-action
  dependency-version: 4.34.1
  dependency-type: direct:production
  update-type: version-update:semver-minor
...

Signed-off-by: dependabot[bot] <support@github.com>",['.github/workflows/codeql-analysis.yml']
ebf71906798ec82f34e07d3168f8b8aecaf8a3be,dependabot[bot],2026-03-19T12:44:23-06:00,"Bump github/codeql-action from 4.32.0 to 4.33.0

Bumps [github/codeql-action](https://github.com/github/codeql-action) from 4.32.0 to 4.33.0.
- [Release notes](https://github.com/github/codeql-action/releases)
- [Changelog](https://github.com/github/codeql-action/blob/main/CHANGELOG.md)
- [Commits](https://github.com/github/codeql-action/compare/b20883b0cd1f46c72ae0ba6d1090936928f9fa30...b1bff81932f5cdfc8695c7752dcee935dcd061c8)

---
updated-dependencies:
- dependency-name: github/codeql-action
  dependency-version: 4.33.0
  dependency-type: direct:production
  update-type: version-update:semver-minor
...

Signed-off-by: dependabot[bot] <support@github.com>",['.github/workflows/codeql-analysis.yml']
0e4ae38f0c93d4f92a96c774bd52c069d12a4798,Dr Alex Mitre,2026-03-05T13:14:29-07:00,"docs: exclude Response.is_permanent_redirect from API docs (#7244)

Hide the internal Response.is_permanent_redirect attribute from public API documentation.",['docs/api.rst']
d568f47278492e630cc990a259047c67991d007a,Ethan Price,2026-03-03T12:59:47-07:00,"docs: clarify Quickstart POST example (#6960)

(fixes #6949)

---------

Co-authored-by: Nate Prewitt <nate.prewitt@gmail.com>",['docs/user/quickstart.rst']
b2a1d33f571518ca9a6148e7da787cc5827f897a,Dan Blanchard,2026-03-03T11:46:41-07:00,"Increase chardet upper limit to 8

Co-Authored-By: Claude Opus 4.6 <noreply@anthropic.com>","['pyproject.toml', 'src/requests/__init__.py']"
392b01f26e1cca4a2ada1539a6ae1a1b607ec33a,dependabot[bot],2026-03-02T13:45:19-07:00,"Bump actions/download-artifact from 7.0.0 to 8.0.0

Bumps [actions/download-artifact](https://github.com/actions/download-artifact) from 7.0.0 to 8.0.0.
- [Release notes](https://github.com/actions/download-artifact/releases)
- [Commits](https://github.com/actions/download-artifact/compare/37930b1c2abaa49bbe596cd826c3c89aef350131...70fc10c6e5e1ce46ad2ea6f2b72d43f7d47b13c3)

---
updated-dependencies:
- dependency-name: actions/download-artifact
  dependency-version: 8.0.0
  dependency-type: direct:production
  update-type: version-update:semver-major
...

Signed-off-by: dependabot[bot] <support@github.com>",['.github/workflows/publish.yml']
27f8b40d5cc6198148a58a8e65c8cff8f7c46a54,dependabot[bot],2026-03-02T13:33:25-07:00,"Bump actions/upload-artifact from 6.0.0 to 7.0.0

Bumps [actions/upload-artifact](https://github.com/actions/upload-artifact) from 6.0.0 to 7.0.0.
- [Release notes](https://github.com/actions/upload-artifact/releases)
- [Commits](https://github.com/actions/upload-artifact/compare/b7c566a772e6b6bfb58ed0dc250532a479d7789f...bbbca2ddaa5d8feaa63e36b76fdaad77386f024f)

---
updated-dependencies:
- dependency-name: actions/upload-artifact
  dependency-version: 7.0.0
  dependency-type: direct:production
  update-type: version-update:semver-major
...

Signed-off-by: dependabot[bot] <support@github.com>",['.github/workflows/publish.yml']
4bd79e397304d46dfccd76f36c07f66c0295ff82,Amin Vakil,2026-02-22T16:02:37-06:00,Increase chardet upper limit to 7,"['pyproject.toml', 'src/requests/__init__.py']"
da9113c0466850a425e554630a732ec1f7d045fc,Nate Prewitt,2026-02-13T18:06:57-06:00,Add CODEOWNERS file to repo (#7208),['.github/CODEOWNERS']
a2ce3d8ace060b0c8446bc956e3853806dd4e3bb,Nate Prewitt,2026-02-13T16:48:20-06:00,Remove harden runner from publish workflow (#7207),['.github/workflows/publish.yml']
5e7cb71cd719394f8fc56ea55da3f58bb22ae2b6,Nate Prewitt,2026-02-13T13:23:44-07:00,Bump version to dev for test publish,['src/requests/__version__.py']
00600b38f45dc234f825f609cea63d24e7e690af,Nate Prewitt,2026-02-13T13:23:44-07:00,Update publish workflow and add test pypi option,['.github/workflows/publish.yml']
5f338446f9eabd956e7e132668f330d9de4fc368,m0d3v,2026-02-12T19:52:04-07:00,"Update docstring for Session.verify to include string support (#6859) (#6865)


---------

Co-authored-by: Nate Prewitt <nate.prewitt@gmail.com>",['src/requests/sessions.py']
47914226c2968802f2cdee3f6f0f6e06e4472f64,Nate Prewitt,2026-02-12T19:07:05-07:00,Fix empty netrc entry usage (#7205),"['src/requests/utils.py', 'tests/test_utils.py']"
1b40fdd004bfc8ba5301bcf8a6908264e9b6b877,Nate Prewitt,2026-02-10T17:29:35-07:00,"Merge pull request #7200 from psf/dependabot/github_actions/step-security/harden-runner-2.14.2

Bump step-security/harden-runner from 2.13.0 to 2.14.2",[]
514b3f2345e5b80444b5b85e7cc4ac18a74925b1,dependabot[bot],2026-02-11T00:23:00+00:00,"Bump step-security/harden-runner from 2.13.0 to 2.14.2

Bumps [step-security/harden-runner](https://github.com/step-security/harden-runner) from 2.13.0 to 2.14.2.
- [Release notes](https://github.com/step-security/harden-runner/releases)
- [Commits](https://github.com/step-security/harden-runner/compare/ec9f2d5744a09debf3a187a3f4f675c53b671911...5ef0c079ce82195b2a36a210272d6b661572d83e)

---
updated-dependencies:
- dependency-name: step-security/harden-runner
  dependency-version: 2.14.2
  dependency-type: direct:production
  update-type: version-update:semver-minor
...

Signed-off-by: dependabot[bot] <support@github.com>",['.github/workflows/publish.yml']
dedee0f4562bd7f6612ee66b2e8a3c85cd4c3643,Nate Prewitt,2026-02-10T17:22:16-07:00,"Merge pull request #7199 from psf/dependabot/github_actions/dessant/lock-threads-6.0.0

Bump dessant/lock-threads from 5.0.0 to 6.0.0",[]
7112775514a8276a0b94360c71730db9ae2ab974,dependabot[bot],2026-02-10T23:59:55+00:00,"Bump dessant/lock-threads from 5.0.0 to 6.0.0

Bumps [dessant/lock-threads](https://github.com/dessant/lock-threads) from 5.0.0 to 6.0.0.
- [Release notes](https://github.com/dessant/lock-threads/releases)
- [Changelog](https://github.com/dessant/lock-threads/blob/main/CHANGELOG.md)
- [Commits](https://github.com/dessant/lock-threads/compare/d42e5f49803f3c4e14ffee0378e31481265dda22...7266a7ce5c1df01b1c6db85bf8cd86c737dadbe7)

---
updated-dependencies:
- dependency-name: dessant/lock-threads
  dependency-version: 6.0.0
  dependency-type: direct:production
  update-type: version-update:semver-major
...

Signed-off-by: dependabot[bot] <support@github.com>",['.github/workflows/lock-issues.yml']
733b2018a3987714f5a9576f2df4895f2a166449,Nate Prewitt,2026-02-10T16:36:31-07:00,Update floors for certifi and urllib3 (#7189),['pyproject.toml']
0c2bbe73982a70623fb81bf16b2507ea0ca80b99,Nate Prewitt,2026-02-06T08:02:46-07:00,Drop support for Python 3.9 (#7196),"['.github/workflows/run-tests.yml', 'README.md', 'pyproject.toml', 'setup.py', 'tox.ini']"
32e26af3afafb50930e64765ee37be18774d481c,Nate Prewitt,2026-02-04T19:01:16-06:00,"Start testing Python 3.15 Alpha (#7195)

* Add optional 3.15-dev runners to test matrix

* Set PYO3_USE_ABI3_FORWARD_COMPATIBILITY for 3.15 builds",['.github/workflows/run-tests.yml']
421b8733cf17e4dee8be237e7412b095772c2323,Nate Prewitt,2026-01-30T20:01:53-07:00,"Merge pull request #7101 from psf/dependabot/github_actions/github/codeql-action-4.31.6

Bump github/codeql-action from 4.30.8 to 4.31.6",[]
968863678bc09c0205fc916138c1a74e11f46e5b,dependabot[bot],2026-01-30T20:00:02-07:00,"Bump github/codeql-action from 4.30.8 to 4.31.6

Bumps [github/codeql-action](https://github.com/github/codeql-action) from 4.30.8 to 4.31.6.
- [Release notes](https://github.com/github/codeql-action/releases)
- [Changelog](https://github.com/github/codeql-action/blob/main/CHANGELOG.md)
- [Commits](https://github.com/github/codeql-action/compare/f443b600d91635bebf5b0d9ebc620189c0d6fba5...fe4161a26a8629af62121b670040955b330f9af2)

---
updated-dependencies:
- dependency-name: github/codeql-action
  dependency-version: 4.31.6
  dependency-type: direct:production
  update-type: version-update:semver-minor
...

Signed-off-by: dependabot[bot] <support@github.com>",['.github/workflows/codeql-analysis.yml']
0b950d8e97c5a70e8e9047b8d8c765db3ca6fd7b,Nate Prewitt,2026-01-30T19:59:20-07:00,"Merge pull request #7100 from psf/dependabot/github_actions/actions/setup-python-6.1.0

Bump actions/setup-python from 6.0.0 to 6.1.0",[]
42eaeb4da87330107f2b314793ec52dfd3395412,dependabot[bot],2026-01-30T19:53:54-07:00,"Bump actions/setup-python from 6.0.0 to 6.1.0

Bumps [actions/setup-python](https://github.com/actions/setup-python) from 6.0.0 to 6.1.0.
- [Release notes](https://github.com/actions/setup-python/releases)
- [Commits](https://github.com/actions/setup-python/compare/e797f83bcb11b83ae66e0230d6156d7c80228e7c...83679a892e2d95755f2dac6acb0bfd1e9ac5d548)

---
updated-dependencies:
- dependency-name: actions/setup-python
  dependency-version: 6.1.0
  dependency-type: direct:production
  update-type: version-update:semver-minor
...

Signed-off-by: dependabot[bot] <support@github.com>","['.github/workflows/lint.yml', '.github/workflows/publish.yml', '.github/workflows/run-tests.yml']"
49f89688672cd7a6c56cb9cde06ae9722f8590e2,Nate Prewitt,2026-01-30T19:47:47-07:00,"Merge pull request #7092 from psf/dependabot/github_actions/actions/checkout-6.0.0

Bump actions/checkout from 5.0.0 to 6.0.0",[]
8e398336f8cc82f44c7b549bfa803b99d7159c25,dependabot[bot],2026-01-30T19:46:03-07:00,"Bump actions/checkout from 5.0.0 to 6.0.0

Bumps [actions/checkout](https://github.com/actions/checkout) from 5.0.0 to 6.0.0.
- [Release notes](https://github.com/actions/checkout/releases)
- [Changelog](https://github.com/actions/checkout/blob/main/CHANGELOG.md)
- [Commits](https://github.com/actions/checkout/compare/08c6903cd8c0fde910a37f88322edcfb5dd907a8...1af3b93b6815bc44a9784bd300feb67ff0d1eeb3)

---
updated-dependencies:
- dependency-name: actions/checkout
  dependency-version: 6.0.0
  dependency-type: direct:production
  update-type: version-update:semver-major
...

Signed-off-by: dependabot[bot] <support@github.com>","['.github/workflows/codeql-analysis.yml', '.github/workflows/lint.yml', '.github/workflows/publish.yml', '.github/workflows/run-tests.yml']"
5f33bddabdb3a3828e428252e756405d028501de,Nate Prewitt,2026-01-30T19:45:13-07:00,"Merge pull request #7073 from psf/dependabot/github_actions/actions/download-artifact-6.0.0

Bump actions/download-artifact from 5.0.0 to 6.0.0",[]
ca78ca96115cb254855afb3d966d24e92c973a20,dependabot[bot],2026-01-30T19:38:25-07:00,"Bump actions/download-artifact from 5.0.0 to 6.0.0

Bumps [actions/download-artifact](https://github.com/actions/download-artifact) from 5.0.0 to 6.0.0.
- [Release notes](https://github.com/actions/download-artifact/releases)
- [Commits](https://github.com/actions/download-artifact/compare/634f93cb2916e3fdff6788551b99b062d0335ce0...018cc2cf5baa6db3ef3c5f8a56943fffe632ef53)

---
updated-dependencies:
- dependency-name: actions/download-artifact
  dependency-version: 6.0.0
  dependency-type: direct:production
  update-type: version-update:semver-major
...

Signed-off-by: dependabot[bot] <support@github.com>",['.github/workflows/publish.yml']
8e5ac8e0eb53ed0d204639ac3bc42878c7621210,Nate Prewitt,2026-01-30T19:36:42-07:00,"Merge pull request #7071 from psf/dependabot/github_actions/actions/upload-artifact-5.0.0

Bump actions/upload-artifact from 4.6.2 to 5.0.0",[]
6c88b6b09f2ac7c8cba340db774f0e7596626ec2,dependabot[bot],2026-01-31T02:31:13+00:00,"Bump actions/upload-artifact from 4.6.2 to 5.0.0

Bumps [actions/upload-artifact](https://github.com/actions/upload-artifact) from 4.6.2 to 5.0.0.
- [Release notes](https://github.com/actions/upload-artifact/releases)
- [Commits](https://github.com/actions/upload-artifact/compare/ea165f8d65b6e75b540449e92b4886f43607fa02...330a01c490aca151604b8cf639adc76d48f6c5d4)

---
updated-dependencies:
- dependency-name: actions/upload-artifact
  dependency-version: 5.0.0
  dependency-type: direct:production
  update-type: version-update:semver-major
...

Signed-off-by: dependabot[bot] <support@github.com>",['.github/workflows/publish.yml']
cb2c800518423e0042789ab09f8f6e719428a444,Nate Prewitt,2026-01-30T19:25:55-07:00,Migrate build system to PEP 517 (#7012),"['pyproject.toml', 'setup.cfg', 'setup.py']"
a389aaad453ac4c0b9f8af4a72429de164810654,Nate Prewitt,2026-01-30T19:12:40-07:00,"Update maintainers in the AUTHORS.rst (#7191)


---------

Co-authored-by: Ian Stapleton Cordasco <graffatcolmingov@gmail.com>",['AUTHORS.rst']
f8bec2f7ca9d7c03981a12ff8866a9b3923f1699,Nate Prewitt,2026-01-30T15:10:27-06:00,"Fix CI and build failures (#7190)

* Migrate linting from various tooling to Ruff

* Run ruff over codebase

* Drop support for pypy-3.10","['.github/workflows/run-tests.yml', '.pre-commit-config.yaml', 'pyproject.toml', 'setup.cfg', 'setup.py', 'src/requests/__init__.py', 'src/requests/_internal_utils.py', 'src/requests/adapters.py', 'src/requests/auth.py', 'src/requests/certs.py', 'src/requests/exceptions.py', 'src/requests/help.py', 'src/requests/hooks.py', 'src/requests/models.py', 'src/requests/sessions.py', 'src/requests/utils.py', 'tests/test_lowlevel.py', 'tests/test_requests.py', 'tests/test_testserver.py']"
70298332899f25826e35e42f8d83425124f755a5,Nate Prewitt,2025-10-15T20:45:42+09:00,Merge pull request #7042 from psf/dependabot/github_actions/github/codeql-action-4.30.8,[]
6e4134b204f675268296b2b44c2d52c8a7927b2c,dependabot[bot],2025-10-13T16:16:05+00:00,"Bump github/codeql-action from 3.30.0 to 4.30.8

Bumps [github/codeql-action](https://github.com/github/codeql-action) from 3.30.0 to 4.30.8.
- [Release notes](https://github.com/github/codeql-action/releases)
- [Changelog](https://github.com/github/codeql-action/blob/main/CHANGELOG.md)
- [Commits](https://github.com/github/codeql-action/compare/2d92b76c45b91eb80fc44c74ce3fce0ee94e8f9d...f443b600d91635bebf5b0d9ebc620189c0d6fba5)

---
updated-dependencies:
- dependency-name: github/codeql-action
  dependency-version: 4.30.8
  dependency-type: direct:production
  update-type: version-update:semver-major
...

Signed-off-by: dependabot[bot] <support@github.com>",['.github/workflows/codeql-analysis.yml']
420d16bc7ef326f7b65f90e4644adc0f6a0e1d44,Nate Prewitt,2025-09-09T18:00:19+09:00,Merge pull request #7026 from psf/dependabot/github_actions/actions/setup-python-6.0.0,[]
3c8decb92fb9062cac4bdd12d6c0d32fb3a2d119,dependabot[bot],2025-09-09T00:09:47+00:00,"Bump actions/setup-python from 5.6.0 to 6.0.0

Bumps [actions/setup-python](https://github.com/actions/setup-python) from 5.6.0 to 6.0.0.
- [Release notes](https://github.com/actions/setup-python/releases)
- [Commits](https://github.com/actions/setup-python/compare/a26af69be951a213d495a4c3e4e4022e16d87065...e797f83bcb11b83ae66e0230d6156d7c80228e7c)

---
updated-dependencies:
- dependency-name: actions/setup-python
  dependency-version: 6.0.0
  dependency-type: direct:production
  update-type: version-update:semver-major
...

Signed-off-by: dependabot[bot] <support@github.com>","['.github/workflows/lint.yml', '.github/workflows/publish.yml', '.github/workflows/run-tests.yml']"
5a270e2a95cdf84e746f26face11efdda3aa0127,Nate Prewitt,2025-09-09T09:08:49+09:00,Merge pull request #7025 from psf/dependabot/github_actions/pypa/gh-action-pypi-publish-1.13.0,[]
7d8df1df573a01f20a80994685e9f6c375f9c63f,dependabot[bot],2025-09-08T16:18:37+00:00,"Bump pypa/gh-action-pypi-publish from 1.12.4 to 1.13.0

Bumps [pypa/gh-action-pypi-publish](https://github.com/pypa/gh-action-pypi-publish) from 1.12.4 to 1.13.0.
- [Release notes](https://github.com/pypa/gh-action-pypi-publish/releases)
- [Commits](https://github.com/pypa/gh-action-pypi-publish/compare/76f52bc884231f62b9a034ebfe128415bbaabdfc...ed0c53931b1dc9bd32cbe73a98c7f6766f8a527e)

---
updated-dependencies:
- dependency-name: pypa/gh-action-pypi-publish
  dependency-version: 1.13.0
  dependency-type: direct:production
  update-type: version-update:semver-minor
...

Signed-off-by: dependabot[bot] <support@github.com>",['.github/workflows/publish.yml']
1c49660b84c88eeb2695796ce4a68903c00e00c5,dependabot[bot],2025-09-02T03:15:01-05:00,"Bump github/codeql-action from 3.29.0 to 3.30.0

Bumps [github/codeql-action](https://github.com/github/codeql-action) from 3.29.0 to 3.30.0.
- [Release notes](https://github.com/github/codeql-action/releases)
- [Changelog](https://github.com/github/codeql-action/blob/main/CHANGELOG.md)
- [Commits](https://github.com/github/codeql-action/compare/ce28f5bb42b7a9f2c824e633a3f6ee835bab6858...2d92b76c45b91eb80fc44c74ce3fce0ee94e8f9d)

---
updated-dependencies:
- dependency-name: github/codeql-action
  dependency-version: 3.30.0
  dependency-type: direct:production
  update-type: version-update:semver-minor
...

Signed-off-by: dependabot[bot] <support@github.com>",['.github/workflows/codeql-analysis.yml']
b25c87d7cb8d6a18a37fa12442b5f883f9e41741,Nate Prewitt,2025-08-18T13:23:20-07:00,v2.32.5,"['HISTORY.md', 'src/requests/__version__.py']"
131e506079d97606e4214cc4d87b780ac478de7a,Nate Prewitt,2025-08-11T15:32:16-07:00,"Merge pull request #7010 from psf/dependabot/github_actions/actions/checkout-5.0.0

Bump actions/checkout from 4.2.0 to 5.0.0",[]
b336cb2bc616a63a93c6470c558fc1f576b77f90,dependabot[bot],2025-08-11T22:15:22+00:00,"Bump actions/checkout from 4.2.0 to 5.0.0

Bumps [actions/checkout](https://github.com/actions/checkout) from 4.2.0 to 5.0.0.
- [Release notes](https://github.com/actions/checkout/releases)
- [Changelog](https://github.com/actions/checkout/blob/main/CHANGELOG.md)
- [Commits](https://github.com/actions/checkout/compare/v4.2.0...08c6903cd8c0fde910a37f88322edcfb5dd907a8)

---
updated-dependencies:
- dependency-name: actions/checkout
  dependency-version: 5.0.0
  dependency-type: direct:production
  update-type: version-update:semver-major
...

Signed-off-by: dependabot[bot] <support@github.com>","['.github/workflows/codeql-analysis.yml', '.github/workflows/lint.yml', '.github/workflows/publish.yml', '.github/workflows/run-tests.yml']"
46e939b5525d9c72b677340985582b04b128478a,Grant Birkinbine,2025-08-06T07:36:19-05:00,"Update publish workflow to use `artifact-id` instead of `name`

Added artifact-id output to publish workflow and updated download-artifact action version to `v5.0.0`. Also hardens the workflow a bit by adding `persist-credentials: false` to the checkout step",['.github/workflows/publish.yml']
4b9c546aa3f35fca6ca24945376fe7462bb007c4,Nate Prewitt,2025-07-28T12:09:42-07:00,"Merge pull request #6999 from psf/dependabot/github_actions/step-security/harden-runner-2.13.0

Bump step-security/harden-runner from 2.12.0 to 2.13.0",[]
7618dbef01d333f23ba4b9c4d97397b06dd89cb6,dependabot[bot],2025-07-28T19:01:25+00:00,"Bump step-security/harden-runner from 2.12.0 to 2.13.0

Bumps [step-security/harden-runner](https://github.com/step-security/harden-runner) from 2.12.0 to 2.13.0.
- [Release notes](https://github.com/step-security/harden-runner/releases)
- [Commits](https://github.com/step-security/harden-runner/compare/0634a2670c59f64b4a01f0f96f84700a4088b9f0...ec9f2d5744a09debf3a187a3f4f675c53b671911)

---
updated-dependencies:
- dependency-name: step-security/harden-runner
  dependency-version: 2.13.0
  dependency-type: direct:production
  update-type: version-update:semver-minor
...

Signed-off-by: dependabot[bot] <support@github.com>",['.github/workflows/publish.yml']
2edca11103c1c27dd8b572dab544b7f48cf3b446,Nate Prewitt,2025-07-25T14:42:15-06:00,"Add support for Python 3.14 and drop support for Python 3.8 (#6993)

* Add testing for Python 3.14 preview build

* Add trove classifier for Python 3.14

* Remove support for Python 3.8","['.github/workflows/run-tests.yml', 'HISTORY.md', 'README.md', 'docs/community/faq.rst', 'docs/index.rst', 'setup.py', 'tox.ini']"
fec96cd5976ad763e45bac9a033d62cca1877a00,Abhishek Jha,2025-07-18T10:24:31-06:00,Update Makefile rules (#6996),['Makefile']
d58d8aa2f45c3575268d6d5250745ef69f9cf8b7,Quaylyn Rimer,2025-07-18T02:09:19+00:00,docs: clarify timeout parameter uses seconds in Session.request (#6994),['src/requests/sessions.py']
91a3eabd3dcc4d7f36dd8249e4777a90ef9b4305,dependabot[bot],2025-06-16T14:10:36-05:00,"Bump github/codeql-action from 3.28.5 to 3.29.0

Bumps [github/codeql-action](https://github.com/github/codeql-action) from 3.28.5 to 3.29.0.
- [Release notes](https://github.com/github/codeql-action/releases)
- [Changelog](https://github.com/github/codeql-action/blob/main/CHANGELOG.md)
- [Commits](https://github.com/github/codeql-action/compare/f6091c0113d1dcf9b98e269ee48e8a7e51b7bdd4...ce28f5bb42b7a9f2c824e633a3f6ee835bab6858)

---
updated-dependencies:
- dependency-name: github/codeql-action
  dependency-version: 3.29.0
  dependency-type: direct:production
  update-type: version-update:semver-minor
...

Signed-off-by: dependabot[bot] <support@github.com>",['.github/workflows/codeql-analysis.yml']
90fee0876aea97c639b3bf698d83a12876d2f160,Nate Prewitt,2025-06-13T10:42:08-06:00,Revert caching a default SSLContext (#6767),['src/requests/adapters.py']
8ff173b186f135670879db9fbe1e68a6b5209c89,AHMAD FAIZ,2025-06-10T07:40:33-05:00,"Clarify error description in cloning instructions

This clarifies the error description in the 'Cloning the repository' section of the README. The current wording mentions 'an error about a bad commit', which is somewhat vague. I've updated it to 'an error about a bad commit timestamp', which more accurately describes the nature of the error referenced in issue #2690.
This small change improves the clarity of the documentation, helping users better understand the potential issue they might encounter when cloning the repository and why they need to use the specified Git flag.",['README.md']
3f07f990ac74f1e1691ba17ef8c14007f05846ab,Jonas Fonseca,2025-06-09T21:54:25-05:00,Fix typo in documentation for verify,['src/requests/adapters.py']
e57b5bf05c4e39281b5547b1bd05a5074dc96df3,Ian Stapleton Cordasco,2025-06-09T21:32:45-05:00,"Add Trusted Publishing Release Workflow

Rather than rely on manual releases from a developer laptop, let's use
tag pushes to trigger a workflow to publish artifacts to PyPI. This will
leverage trusted publishing and upload attestations as well.","['.github/workflows/publish.yml', 'Makefile']"
021dc729f0b71a3030cefdbec7fb57a0e80a6cfd,Ian Stapleton Cordasco,2025-06-09T11:39:48-05:00,Polish up release tooling for last manual release,['Makefile']
821770e822a20a21b207b3907ea83878bda1d396,Ian Stapleton Cordasco,2025-06-09T11:39:48-05:00,Bump version and add release notes for v2.32.4,"['HISTORY.md', 'src/requests/__version__.py']"
59f8aa2adf1d3d06bcbf7ce6b13743a1639a5401,Piotr Szlazak,2025-06-08T12:47:55-05:00,Add netrc file search information to authentication documentation (#6876),"['docs/user/authentication.rst', 'docs/user/quickstart.rst']"
5b4b64c3467fd7a3c03f91ee641aaa348b6bed3b,Arthur Woimbée,2025-06-05T09:55:33-05:00,"Add more tests to prevent regression of CVE 2024 47081

Remove workaround not needed since py38 for os.path.expanduser.","['src/requests/utils.py', 'tests/test_utils.py']"
7bc45877a86192af77645e156eb3744f95b47dae,danigm,2025-06-05T06:21:46-05:00,"Add new test to check netrc auth leak (#6962)

This patch adds a new test that reproduces the security issue reported
here:
https://seclists.org/oss-sec/2025/q2/204

Doing a request to a malicious url with a prefix like ""domain.com:@""
will use the ""domain.com"" netrc credentials in the request to other
domain.",['tests/test_requests.py']
96ba401c1296ab1dda74a2365ef36d88f7d144ef,Nate Prewitt,2025-06-04T10:39:25-05:00,Only use hostname to do netrc lookup instead of netloc,['src/requests/utils.py']
7341690e842a23cf18ded0abd9229765fa88c4e2,Nate Prewitt,2025-06-01T11:07:17-07:00,Merge pull request #6951 from tswast/patch-1,[]
6716d7c9f29df636643fa2489f98890216525cb0,Tim Sweña,2025-06-01T09:03:51-05:00,remove links,"['docs/dev/contributing.rst', 'docs/user/advanced.rst']"
a7e1c745dc23c18e836febd672416ed0c5d8d8ae,Ian Stapleton Cordasco,2025-05-31T11:59:51-05:00,"Update docs/conf.py

Co-authored-by: Nate Prewitt <nate.prewitt@gmail.com>",['docs/conf.py']
c799b8167a13416833ad3b4f3298261a477e826f,Tim Sweña (Swast),2025-05-21T11:08:05-05:00,docs: fix dead links to kenreitz.org,"['docs/conf.py', 'docs/dev/contributing.rst', 'docs/user/advanced.rst']"
c65c780849563c891f35ffc98d3198b71011c012,Robin,2025-05-03T11:39:14-05:00,"Add two more tests exercising the adapter (#6936)

Closes #6935",['tests/test_requests.py']
579cd9f23319ebc65b71613f59e2b7b37d67276d,Nate Prewitt,2025-05-01T21:54:57-05:00,Drop pypy 3.9 and add pypy 3.11 support,"['.github/workflows/run-tests.yml', 'HISTORY.md']"
c54d0347e24f38b40881f1e0a8bfc9fbce583298,Nate Prewitt,2025-04-28T10:36:20-07:00,Merge pull request #6939 from psf/dependabot/github_actions/actions/setup-python-5.6.0,[]
991f05dcd922b1c4036067cb0473abc17db3c806,dependabot[bot],2025-04-28T17:28:05+00:00,"Bump actions/setup-python from 5.5.0 to 5.6.0

Bumps [actions/setup-python](https://github.com/actions/setup-python) from 5.5.0 to 5.6.0.
- [Release notes](https://github.com/actions/setup-python/releases)
- [Commits](https://github.com/actions/setup-python/compare/8d9ed9ac5c53483de85588cdf95a591a75ab9f55...a26af69be951a213d495a4c3e4e4022e16d87065)

---
updated-dependencies:
- dependency-name: actions/setup-python
  dependency-version: 5.6.0
  dependency-type: direct:production
  update-type: version-update:semver-minor
...

Signed-off-by: dependabot[bot] <support@github.com>","['.github/workflows/lint.yml', '.github/workflows/run-tests.yml']"
4ce9520a1cfa2e91abe5a923498f49e1fdb2e4ee,Robin,2025-04-23T07:44:05-05:00,"Update lint workflow to ubuntu-24.04

Ubuntu 20.04 was the old default and is no longer supported by GitHub Actions",['.github/workflows/lint.yml']
42a1dd640ca42ccfc22b00ba29d1bb0c3e51c9d2,Ian Stapleton Cordasco,2025-04-15T21:46:50-05:00,"Merge pull request #6924 from RichieB2B/rfc5280

Add key usage extension to test ca.crt",[]
c4c8e20289ab82edad55d2fc07b42cbf08ae1441,Nate Prewitt,2025-03-31T09:43:07-07:00,"Merge pull request #6925 from psf/dependabot/github_actions/actions/setup-python-5.5.0

Bump actions/setup-python from 5.4.0 to 5.5.0",[]
a5cb4284e18555d9e179f309356178410dbfdaf1,dependabot[bot],2025-03-31T16:31:10+00:00,"Bump actions/setup-python from 5.4.0 to 5.5.0

Bumps [actions/setup-python](https://github.com/actions/setup-python) from 5.4.0 to 5.5.0.
- [Release notes](https://github.com/actions/setup-python/releases)
- [Commits](https://github.com/actions/setup-python/compare/42375524e23c412d93fb67b49958b491fce71c38...8d9ed9ac5c53483de85588cdf95a591a75ab9f55)

---
updated-dependencies:
- dependency-name: actions/setup-python
  dependency-type: direct:production
  update-type: version-update:semver-minor
...

Signed-off-by: dependabot[bot] <support@github.com>","['.github/workflows/lint.yml', '.github/workflows/run-tests.yml']"
2019450b43511289d45c6b3e7376f2813e1c27b4,Richard van den Berg,2025-03-29T14:53:45+01:00,Add key usage extension to test ca.crt,"['tests/certs/expired/ca/ca.cnf', 'tests/certs/expired/ca/ca.crt']"
1764cc938efc3cc9720188dfa6c3852c45211aa0,Nate Prewitt,2025-02-20T10:43:13-08:00,"Merge pull request #6899 from duzhuoshanwai/main

Docs: Add quotes to prevent Zsh wildcard interpretation.",[]
e946665c5953ab40e6dbb29cc8c496ee625fdadd,duzhuoshanwai,2025-02-19T10:05:28+08:00,"Update advanced.rst

Add quotes to prevent Zsh wildcard interpretation.",['docs/user/advanced.rst']
8ba805fa93c3f0fc958b48bc136ed565d7c82872,Ian Stapleton Cordasco,2025-02-17T06:40:19-06:00,"Merge pull request #6897 from cjwatson/fix-test-certificates

Add CA constraint to test CA",[]
9ebebdef98a6aacfbedcf2ca61ba0eaecc2563f4,Colin Watson,2025-02-17T00:41:30+00:00,"Regenerate test certificates

Created using the following command with OpenSSL 3.4.0:

    for cert in expired mtls valid/server; do
        make -C tests/certs/$cert clean all
    done","['tests/certs/expired/ca/ca-private.key', 'tests/certs/expired/ca/ca.crt', 'tests/certs/expired/ca/ca.srl', 'tests/certs/expired/server/server.csr', 'tests/certs/expired/server/server.key', 'tests/certs/expired/server/server.pem', 'tests/certs/mtls/client/client.csr', 'tests/certs/mtls/client/client.key', 'tests/certs/mtls/client/client.pem', 'tests/certs/valid/server/server.csr', 'tests/certs/valid/server/server.key', 'tests/certs/valid/server/server.pem']"
507409661335bd3dd8a7e39f04d07b42e519becc,Colin Watson,2025-02-17T00:39:07+00:00,"Add CA constraint to test CA

Otherwise recent versions of OpenSSL reject it as an invalid CA
certificate (at least once the test certificates are regenerated).

Fixes: #6896",['tests/certs/expired/ca/ca.cnf']
1b7c37ef4e3db003cc52f09da9ab6b947054e245,Nate Prewitt,2025-02-13T08:49:49-08:00,Merge pull request #6529 from anupam-arista/patch-1,[]
5d31ddbf7b3f512dd3c61952d2c16e980a2b7dc1,anupam-arista,2025-02-12T17:58:07+05:30,"Update src/requests/models.py

Co-authored-by: Ian Stapleton Cordasco <graffatcolmingov@gmail.com>",['src/requests/models.py']
a2fd25ff34b66ef71b54dfc90e09a4e4152357f6,anupam-arista,2025-02-11T21:28:59+05:30,Update models.py,['src/requests/models.py']
d96f9982a276c73ab078b255c94397cf4d7f6cc2,anupam-arista,2025-02-11T21:25:29+05:30,"Update src/requests/models.py

Co-authored-by: Ian Stapleton Cordasco <graffatcolmingov@gmail.com>",['src/requests/models.py']
b25f2b5ec2a113d4b3a1e6311f617a015f4155f3,anupam-arista,2025-02-11T07:49:26+05:30,Merge branch 'psf:main' into patch-1,[]
f761e74a4d50d2e88d9e30e660494b36c9d630f8,Nate Prewitt,2025-02-10T13:13:26-08:00,"Merge pull request #6880 from jakobheine/td/remove-urlrequired-from-docs

docs(exceptions): Remove unused exception URLRequired from documentation",[]
f2a6ae5e3267f64c47059fd64e43c02e0891f523,Nate Prewitt,2025-02-03T08:58:57-08:00,"Merge pull request #6883 from psf/dependabot/github_actions/actions/setup-python-5.4.0

Bump actions/setup-python from 5.3.0 to 5.4.0",[]
11f63a330bc7b9026086e3d259f400f9c702b542,dependabot[bot],2025-02-03T16:27:40+00:00,"Bump actions/setup-python from 5.3.0 to 5.4.0

Bumps [actions/setup-python](https://github.com/actions/setup-python) from 5.3.0 to 5.4.0.
- [Release notes](https://github.com/actions/setup-python/releases)
- [Commits](https://github.com/actions/setup-python/compare/0b93645e9fea7318ecaed2b359559ac225c90a2b...42375524e23c412d93fb67b49958b491fce71c38)

---
updated-dependencies:
- dependency-name: actions/setup-python
  dependency-type: direct:production
  update-type: version-update:semver-minor
...

Signed-off-by: dependabot[bot] <support@github.com>","['.github/workflows/lint.yml', '.github/workflows/run-tests.yml']"
e361622fae03f08b16c48a0a1414a718d9d45d25,jakobheine,2025-02-01T19:42:06+00:00,"docs(exceptions): Remove unused exception URLRequired from documentation

The documentation previously listed `requests.URLRequired` as a valid
exception, suggesting it would be raised for invalid URLs. However,
this exception has been dead code since commit ab27027 (2012) and is
never actually raised.

Instead, invalid URLs raise `MissingSchema`, `InvalidSchema`, or
`InvalidURL`, none of which were documented. This commit removes
`URLRequired` from the documentation to reflect the actual behavior
and prevent confusion.

Signed-off-by: jakobheine <me@jakobheine.de>",['docs/api.rst']
fe0583ba49cf162e1a7fe35ae05de6a62b8372fa,Nate Prewitt,2025-01-27T09:39:35-08:00,"Merge pull request #6875 from psf/dependabot/github_actions/github/codeql-action-3.28.5

Bump github/codeql-action from 3.27.0 to 3.28.5",[]
8c36da656df15111c423975381f523e0b9db7326,dependabot[bot],2025-01-27T16:56:12+00:00,"Bump github/codeql-action from 3.27.0 to 3.28.5

Bumps [github/codeql-action](https://github.com/github/codeql-action) from 3.27.0 to 3.28.5.
- [Release notes](https://github.com/github/codeql-action/releases)
- [Changelog](https://github.com/github/codeql-action/blob/main/CHANGELOG.md)
- [Commits](https://github.com/github/codeql-action/compare/662472033e021d55d94146f66f6058822b0b39fd...f6091c0113d1dcf9b98e269ee48e8a7e51b7bdd4)

---
updated-dependencies:
- dependency-name: github/codeql-action
  dependency-type: direct:production
  update-type: version-update:semver-minor
...

Signed-off-by: dependabot[bot] <support@github.com>",['.github/workflows/codeql-analysis.yml']
b653d80ded3680dc3780557ded01e23074f7e6a4,anupam-arista,2024-12-13T05:08:45+05:30,Merge branch 'psf:main' into patch-1,[]
23540c93cac97c763fe59e843a08fa2825aa80fd,Ian Stapleton Cordasco,2024-11-10T10:18:36-06:00,"Merge pull request #6824 from psf/nateprewitt-patch-1

Remove old macOS runners",[]
ad959acfcfa77c3d9360a5f62df4a4789eed0fb3,Nate Prewitt,2024-11-09T22:50:30-07:00,Remove old macOS runners,['.github/workflows/run-tests.yml']
a6cf27a77f6f5dd6116096e95c16e7c1a616b419,Nate Prewitt,2024-11-02T13:13:02-07:00,"Update vulnerability disclosure process (#6820)

* Update contact point for Vulnerability disclosures

* Fix RedHat Contact

* Point vulnerabilities.rst to our .SECURITY file","['.github/SECURITY.md', 'docs/community/vulnerabilities.rst']"
ed0b1b58023276adc66615f3af9bee22d0d16e1b,Nate Prewitt,2024-10-28T10:24:23-06:00,"Merge pull request #6817 from psf/dependabot/github_actions/actions/setup-python-5.3.0

Bump actions/setup-python from 5.2.0 to 5.3.0",[]
1f16cffa436ca8635a4660199a055c6beb171a07,Nate Prewitt,2024-10-28T10:24:12-06:00,"Merge pull request #6818 from psf/dependabot/github_actions/github/codeql-action-3.27.0

Bump github/codeql-action from 3.26.0 to 3.27.0",[]
9787d0c09c0d771b97cb5d333f71e988b43d9ffc,dependabot[bot],2024-10-28T16:05:20+00:00,"Bump github/codeql-action from 3.26.0 to 3.27.0

Bumps [github/codeql-action](https://github.com/github/codeql-action) from 3.26.0 to 3.27.0.
- [Release notes](https://github.com/github/codeql-action/releases)
- [Changelog](https://github.com/github/codeql-action/blob/main/CHANGELOG.md)
- [Commits](https://github.com/github/codeql-action/compare/eb055d739abdc2e8de2e5f4ba1a8b246daa779aa...662472033e021d55d94146f66f6058822b0b39fd)

---
updated-dependencies:
- dependency-name: github/codeql-action
  dependency-type: direct:production
  update-type: version-update:semver-minor
...

Signed-off-by: dependabot[bot] <support@github.com>",['.github/workflows/codeql-analysis.yml']
26664fa57853e97717b0a72244d35eeadaac48d9,dependabot[bot],2024-10-28T16:05:11+00:00,"Bump actions/setup-python from 5.2.0 to 5.3.0

Bumps [actions/setup-python](https://github.com/actions/setup-python) from 5.2.0 to 5.3.0.
- [Release notes](https://github.com/actions/setup-python/releases)
- [Commits](https://github.com/actions/setup-python/compare/f677139bbe7f9c59b41e40162b753c062f5d49a3...0b93645e9fea7318ecaed2b359559ac225c90a2b)

---
updated-dependencies:
- dependency-name: actions/setup-python
  dependency-type: direct:production
  update-type: version-update:semver-minor
...

Signed-off-by: dependabot[bot] <support@github.com>","['.github/workflows/lint.yml', '.github/workflows/run-tests.yml']"
7335bbf480adc8e6aa88feb2022797a549a00aa3,Nate Prewitt,2024-09-30T10:32:21-07:00,"Merge pull request #6803 from psf/dependabot/github_actions/actions/checkout-4.2.0

Bump actions/checkout from 4.1.0 to 4.2.0",[]
0bff2d94e624651d02756e37e50af3cc1569abcf,dependabot[bot],2024-09-30T16:34:20+00:00,"Bump actions/checkout from 4.1.0 to 4.2.0

Bumps [actions/checkout](https://github.com/actions/checkout) from 4.1.0 to 4.2.0.
- [Release notes](https://github.com/actions/checkout/releases)
- [Changelog](https://github.com/actions/checkout/blob/main/CHANGELOG.md)
- [Commits](https://github.com/actions/checkout/compare/8ade135a41bc03ea155e62e844d188df1ea18608...d632683dd7b4114ad314bca15554477dd762a938)

---
updated-dependencies:
- dependency-name: actions/checkout
  dependency-type: direct:production
  update-type: version-update:semver-minor
...

Signed-off-by: dependabot[bot] <support@github.com>","['.github/workflows/codeql-analysis.yml', '.github/workflows/lint.yml', '.github/workflows/run-tests.yml']"
1ae6fc3137a11e11565ed22436aa1e77277ac98c,Ian Stapleton Cordasco,2024-09-19T06:19:03-05:00,"Merge pull request #6802 from graingert/3.13

start testing on 3.13rc",[]
5984296b6a4cea1b20a6747127c335d95595e7d9,Thomas Grainger,2024-09-18T19:40:02+01:00,Update tox.ini,['tox.ini']
f519bbae3346b4bf0ff866e0659b7efbcf016eb1,Thomas Grainger,2024-09-18T19:14:19+01:00,add trove classifier for 3.13,['setup.py']
314e7c9c701ddbeb6c26ae357a132045709d47f1,Thomas Grainger,2024-09-18T16:36:43+01:00,upgrade to pytest-httpbin 2.1.0 final,"['requirements-dev.txt', 'setup.py']"
92f10cec5b3223e90c186b7a04306564cde050dc,Thomas Grainger,2024-09-18T15:04:53+01:00,upgrade to pytest-httpbin 2.1.0rc1,"['requirements-dev.txt', 'setup.py']"
83e67c448567cb78490e709925cc335567f656dd,Thomas Grainger,2024-09-18T15:04:08+01:00,use allow-prereleases: true instead of 3.13-dev,['.github/workflows/run-tests.yml']
0f5ef1be8cb33a28dec67728b8c7220b9c58d366,Thomas Grainger,2024-09-18T15:03:08+01:00,Merge branch 'main' of github.com:psf/requests into 3.13,[]
f12ccbef6d6b95564da8d22e280d28c39d53f0e9,Nate Prewitt,2024-09-02T10:37:44-07:00,Merge pull request #6797 from psf/dependabot/github_actions/actions/setup-python-5.2.0,[]
173890a48e9f064f0c034edf45109279d1d90a94,dependabot[bot],2024-09-02T16:56:26+00:00,"Bump actions/setup-python from 5.1.0 to 5.2.0

Bumps [actions/setup-python](https://github.com/actions/setup-python) from 5.1.0 to 5.2.0.
- [Release notes](https://github.com/actions/setup-python/releases)
- [Commits](https://github.com/actions/setup-python/compare/82c7e631bb3cdc910f68e0081d67478d79c6982d...f677139bbe7f9c59b41e40162b753c062f5d49a3)

---
updated-dependencies:
- dependency-name: actions/setup-python
  dependency-type: direct:production
  update-type: version-update:semver-minor
...

Signed-off-by: dependabot[bot] <support@github.com>","['.github/workflows/lint.yml', '.github/workflows/run-tests.yml']"
a3ce6f007597f14029e6b6f54676c34196aa050e,Nate Prewitt,2024-08-12T09:54:11-07:00,"Merge pull request #6787 from psf/dependabot/github_actions/github/codeql-action-3.26.0

Bump github/codeql-action from 3.25.0 to 3.26.0",[]
877892e67e22e25bd3cb0dec780bf45c0e67026e,dependabot[bot],2024-08-12T16:23:16+00:00,"Bump github/codeql-action from 3.25.0 to 3.26.0

Bumps [github/codeql-action](https://github.com/github/codeql-action) from 3.25.0 to 3.26.0.
- [Release notes](https://github.com/github/codeql-action/releases)
- [Changelog](https://github.com/github/codeql-action/blob/main/CHANGELOG.md)
- [Commits](https://github.com/github/codeql-action/compare/df5a14dc28094dc936e103b37d749c6628682b60...eb055d739abdc2e8de2e5f4ba1a8b246daa779aa)

---
updated-dependencies:
- dependency-name: github/codeql-action
  dependency-type: direct:production
  update-type: version-update:semver-minor
...

Signed-off-by: dependabot[bot] <support@github.com>",['.github/workflows/codeql-analysis.yml']
79b74ef704dc0d804937c0d015c5e9c3b02b79bd,Nate Prewitt,2024-07-29T18:44:13-07:00,Merge pull request #6757 from nateprewitt/urllib-1.x-tests,[]
15e1f17bb6f3f978787dd23da0268388148bc3d5,Branch Vincent,2024-07-29T08:49:17-05:00,remove setuptools test command,['setup.py']
01353d3b4afe3afa838f8f5c08e5f30a5b50cb05,Nate Prewitt,2024-07-23T04:28:03-07:00,Invert major version check,"['src/requests/compat.py', 'src/requests/utils.py', 'tests/test_requests.py']"
4e383642a9ebb82a67eaeed199d0fbbb31991e3c,Nate Prewitt,2024-07-18T10:20:38-07:00,Add conditional string encoding based on urllib3 major version,"['src/requests/compat.py', 'src/requests/utils.py', 'tests/test_requests.py']"
f8aa36b92d95e6d2f133489f39f9d5c2412f1bd9,Nate Prewitt,2024-07-01T18:08:04-07:00,Test on urllib3 1.26.x,['.github/workflows/run-tests.yml']
06d2a384418ed86effa2d804d32d4705b91c37eb,anupam-arista,2024-07-01T10:46:41+05:30,Merge branch 'psf:main' into patch-1,[]
0e322af87745eff34caffe4df68456ebc20d9068,Nate Prewitt,2024-05-29T08:36:10-07:00,v2.32.3,"['HISTORY.md', 'src/requests/__version__.py']"
e18879932287c2bf4bcee4ddf6ccb8a69b6fc656,Nate Prewitt,2024-05-29T08:23:39-07:00,Don't create default SSLContext if ssl module isn't present (#6724),['src/requests/adapters.py']
145b5399486b56e00250204f033441f3fdf2f3c9,Nate Prewitt,2024-05-24T14:37:06-07:00,Merge pull request #6716 from sigmavirus24/bug/6715,[]
b1d73ddb509a3a2d3e10744e85f9cdebdbde90f0,Nate Prewitt,2024-05-24T11:38:10-07:00,Don't use default SSLContext with custom poolmanager kwargs,['src/requests/adapters.py']
6badbac6e0d6b5a53872f26401761ad37a9002b8,Nate Prewitt,2024-05-24T11:38:06-07:00,Update HISTORY.md,['HISTORY.md']
2e1452234d8a3240aa27fc5fa5db93d53d799c25,Nate Prewitt,2024-05-23T11:51:07-07:00,Start testing on 3.13 beta,['.github/workflows/run-tests.yml']
a62a2d35d918baa8e793f7aa4fb41527644dfca5,Ian Stapleton Cordasco,2024-05-22T06:53:24-05:00,"Allow for overriding of specific pool key params

This re-enables the use case of providing a custom SSLContext via a
Transport Adapter as broken in #6655 and reported in #6715

Closes #6715","['HISTORY.md', 'src/requests/adapters.py']"
88dce9d854797c05d0ff296b70e0430535ef8aaf,Nate Prewitt,2024-05-21T11:49:22-07:00,v2.32.2,"['HISTORY.md', 'src/requests/__version__.py']"
c98e4d133ef29c46a9b68cd783087218a8075e05,Nate Prewitt,2024-05-21T09:41:18-07:00,"Merge pull request #6710 from nateprewitt/api_rename

Move _get_connection to get_connection_with_tls_context",[]
92075b330a30b9883f466a43d3f7566ab849f91b,Nate Prewitt,2024-05-21T09:28:30-07:00,Add deprecation warning,['src/requests/adapters.py']
aa1461b68aa73e2f6ec0e78c8853b635c76fd099,Nate Prewitt,2024-05-21T05:42:49-07:00,Move _get_connection to get_connection_with_tls_context,['src/requests/adapters.py']
970e8cec988421bd43da57350723b05c8ce8dc7e,Nate Prewitt,2024-05-20T15:02:29-07:00,v2.32.1,"['HISTORY.md', 'MANIFEST.in', 'src/requests/__version__.py']"
d6ebc4a2f1f68b7e355fb7e4dd5ffc0845547f9f,Nate Prewitt,2024-05-20T08:46:49-07:00,v2.32.0,"['HISTORY.md', 'src/requests/__version__.py']"
9a40d1277807f0a4f26c9a37eea8ec90faa8aadc,agubelu,2024-05-15T14:07:26-06:00,Avoid reloading root certificates to improve concurrent performance (#6667),['src/requests/adapters.py']
0c030f78d24f29a459dbf39b28b4cc765e2153d7,Ian Stapleton Cordasco,2024-05-14T19:15:19-05:00,"Merge pull request #6702 from nateprewitt/no_char_detection

Allow optional char detection dependencies in post-packaging",[]
555b870eb19d497ddb67042645420083ec8efb02,Nate Prewitt,2024-05-14T15:26:04-07:00,Allow character detection dependencies to be optional in post-packaging steps,"['.github/workflows/run-tests.yml', 'src/requests/__init__.py', 'src/requests/compat.py', 'src/requests/models.py', 'src/requests/packages.py']"
d6dded3f00afcf56a7e866cb0732799045301eb0,Ian Stapleton Cordasco,2024-05-12T16:33:47-05:00,"Merge pull request #6700 from franekmagiera/update-redirect-to-invalid-uri-test

Use an invalid URI that will not cause httpbin to throw 500",[]
bf24b7d8d17da34be720c19e5978b2d3bf94a53b,franekmagiera,2024-05-12T22:08:24+02:00,Use an invalid URI that will not cause httpbin to throw 500,['tests/test_requests.py']
2d5f54779ad174035c5437b3b3c1146b0eaf60fe,Nate Prewitt,2024-04-23T10:50:19-07:00,Pin 3.8 and 3.9 runners back to macos-13 (#6688),['.github/workflows/run-tests.yml']
f1bb07d39b74d6444e333879f8b8a3d9dd4d2311,Nate Prewitt,2024-04-15T11:01:39-06:00,"Merge pull request #6687 from psf/dependabot/github_actions/github/codeql-action-3.25.0

Bump github/codeql-action from 3.24.0 to 3.25.0",[]
60047ade64b0b882cbc94e047198818ab580911e,dependabot[bot],2024-04-15T16:40:35+00:00,"Bump github/codeql-action from 3.24.0 to 3.25.0

Bumps [github/codeql-action](https://github.com/github/codeql-action) from 3.24.0 to 3.25.0.
- [Release notes](https://github.com/github/codeql-action/releases)
- [Changelog](https://github.com/github/codeql-action/blob/main/CHANGELOG.md)
- [Commits](https://github.com/github/codeql-action/compare/e8893c57a1f3a2b659b6b55564fdfdbbd2982911...df5a14dc28094dc936e103b37d749c6628682b60)

---
updated-dependencies:
- dependency-name: github/codeql-action
  dependency-type: direct:production
  update-type: version-update:semver-minor
...

Signed-off-by: dependabot[bot] <support@github.com>",['.github/workflows/codeql-analysis.yml']
31ebb8102c00f8cf8b396a6356743cca4362e07b,Ian Stapleton Cordasco,2024-04-11T14:49:35-05:00,"Merge pull request #6682 from frenzymadness/pytest8

Fix compatibility with pytest 8",[]
cc23d1c6445d61c1e6905cae4861d6e3c3244274,Lumir Balhar,2024-04-11T21:10:36+02:00,"Fix compatibility with pytest 8

`pytest.warns(None)` has been deprecated in pytest 7.0.0
and it's no longer working in pytest 8.

Resolves: https://github.com/psf/requests/issues/6679","['requirements-dev.txt', 'tests/test_requests.py']"
0790ea4250bce844734f625a1a8b37d5581fd8cd,Nate Prewitt,2024-04-11T07:10:57-07:00,"Merge pull request #6680 from mbeijen/rfc9110

Add rfc9110 HTTP status code names",[]
e45b428960ff3927812fc9b555e2ac627ba95769,Michiel W. Beijen,2024-04-08T21:48:24+02:00,"Add rfc9110 HTTP status code names

RFC 9110 _HTTP Semantics_ obsoletes some earlier RFCs which defined HTTP
1.1. It adds some status codes that were previously only used for
WebDAV to HTTP _proper_ after making the names somewhat more generic.

See https://www.rfc-editor.org/rfc/rfc9110.html#name-changes-from-rfc-7231

This commit adds the http status code names from that RFC.",['src/requests/status_codes.py']
2a438c27b5a5828c8ea0dc958112eecffca70b12,Nate Prewitt,2024-04-01T10:36:47-07:00,"Merge pull request #6677 from psf/dependabot/github_actions/actions/setup-python-5.1.0

Bump actions/setup-python from 5.0.0 to 5.1.0",[]
2daa7b52a78984ab5e66358052fc8dfe93e251bd,dependabot[bot],2024-04-01T17:00:20+00:00,"Bump actions/setup-python from 5.0.0 to 5.1.0

Bumps [actions/setup-python](https://github.com/actions/setup-python) from 5.0.0 to 5.1.0.
- [Release notes](https://github.com/actions/setup-python/releases)
- [Commits](https://github.com/actions/setup-python/compare/0a5c61591373683505ea898e09a3ea4f39ef2b9c...82c7e631bb3cdc910f68e0081d67478d79c6982d)

---
updated-dependencies:
- dependency-name: actions/setup-python
  dependency-type: direct:production
  update-type: version-update:semver-minor
...

Signed-off-by: dependabot[bot] <support@github.com>","['.github/workflows/lint.yml', '.github/workflows/run-tests.yml']"
8dd3b26bf59808de24fd654699f592abf6de581e,Ian Stapleton Cordasco,2024-03-18T16:38:16-05:00,"Merge pull request #6302 from flysee/main

Fix the proxy_bypass_registry function all returning true in some cases.",[]
13d892bdbe9a2aa374959a166e8067c35253705d,flysee,2024-03-18T22:33:17+08:00,Additional should_bypass_proxies function test cases,"['src/requests/utils.py', 'tests/test_utils.py']"
1604e20fc87ce212cf3a02474a6d7509b640cbbb,flysee,2024-03-18T15:36:36+08:00,Fix the proxy_bypass_registry function all returning true in some cases.,['src/requests/utils.py']
eeafb6ab3a54ab01cbf864d452ea30f5fdb67ce8,Ian Stapleton Cordasco,2024-03-14T06:25:24-05:00,"Merge pull request #6662 from sigmavirus24/fix-tls-floppy

Add local TLS server",[]
a94e9b5308ffcc3d2913ab873e9810a6601a67da,Ian Stapleton Cordasco,2024-03-14T06:06:22-05:00,"Add local TLS server

This also adds certificates for testing purposes and files to make it
easy to generate/regenerate them.

This also replaces an existing test of how we utilize our pool manager
such that we don't connect to badssl.com

Finally, this adds additional context parameters for our pool manager to
account for mTLS certificates used by clients to authenticate to a
server.","['src/requests/adapters.py', 'tests/certs/README.md', 'tests/certs/expired/Makefile', 'tests/certs/expired/README.md', 'tests/certs/expired/ca/Makefile', 'tests/certs/expired/ca/ca-private.key', 'tests/certs/expired/ca/ca.cnf', 'tests/certs/expired/ca/ca.crt', 'tests/certs/expired/ca/ca.srl', 'tests/certs/expired/server/Makefile', 'tests/certs/expired/server/cert.cnf', 'tests/certs/expired/server/server.csr', 'tests/certs/expired/server/server.key', 'tests/certs/expired/server/server.pem', 'tests/certs/mtls/Makefile', 'tests/certs/mtls/README.md', 'tests/certs/mtls/client/Makefile', 'tests/certs/mtls/client/ca', 'tests/certs/mtls/client/cert.cnf', 'tests/certs/mtls/client/client.csr', 'tests/certs/mtls/client/client.key', 'tests/certs/mtls/client/client.pem', 'tests/certs/valid/ca', 'tests/certs/valid/server/Makefile', 'tests/certs/valid/server/cert.cnf', 'tests/certs/valid/server/server.csr', 'tests/certs/valid/server/server.key', 'tests/certs/valid/server/server.pem', 'tests/test_requests.py', 'tests/testserver/server.py']"
a58d7f2ffb4d00b46dca2d70a3932a0b37e22fac,Ian Stapleton Cordasco,2024-03-11T06:21:59-05:00,"Merge pull request #6655 from sigmavirus24/fix-tls-floppy

Use TLS settings in selecting connection pool",[]
c0813a2d910ea6b4f8438b91d315b8d181302356,Ian Stapleton Cordasco,2024-03-06T11:28:13-06:00,"Use TLS settings in selecting connection pool

Previously, if someone made a request with `verify=False` then made a
request where they expected verification to be enabled to the same host,
they would potentially reuse a connection where TLS had not been
verified.

This fixes that issue.","['src/requests/adapters.py', 'tests/test_requests.py', 'tox.ini']"
eea3bbf9ac635f465ee6c9903dc57c677952dafd,Ian Stapleton Cordasco,2024-02-23T06:26:38-06:00,"Merge pull request #6562 from amkarn258/issue-6223

every chardet package maps to requests.packages.chardet.* package respectively",[]
f3f2611d832e762423f55e08899c64224902dad1,Ian Stapleton Cordasco,2024-02-23T05:30:46-06:00,"Merge pull request #6583 from EFord36/fix-broken-links

Fix broken links in docs",[]
a0e79bad059f2d0e6d3c00a2a7311acb2bef4d67,Elliot Ford,2024-02-23T10:26:21+00:00,"update broken rfc link

ietf seems appropriate here - it's used elsewhere in the requets docs in
several places.",['docs/user/advanced.rst']
0a7f662aa70d39b6c3b5c804be00af5731292550,Elliot Ford,2024-02-23T10:26:21+00:00,"Make example URL format a literal rather than an actual link

The rendered docs 'auto-link' this, which might encourage users to click
the link, even though it doesn't go anywhere.",['HISTORY.md']
5f1c3c22ff7c7bb89a4e017e3f336cbc88e189c3,Elliot Ford,2024-02-23T10:26:21+00:00,remove section with broken link to survey,['docs/user/quickstart.rst']
541aa80ca3d0ee771611bd155a5172efaa26d9da,Elliot Ford,2024-02-23T10:26:21+00:00,update urllib3 docs link,['docs/user/advanced.rst']
d3b3399ece1f76387d323983638e0838c06e88ea,Elliot Ford,2024-02-23T10:25:50+00:00,"update authors github link

Update account link for original author which has changed.",['AUTHORS.rst']
0ec2780c291107b6686996e4b38f3d63e076eda7,Elliot Ford,2024-02-23T10:25:50+00:00,update broken github pagination link,['docs/user/advanced.rst']
b8be93a721792deeadd2f498b8f77cf610e7765f,Ian Stapleton Cordasco,2024-02-22T18:53:25-06:00,"Merge pull request #6589 from bruceadams/super_len_str_utf-8

Enhance `super_len` to count encoded bytes for str",[]
3587a5f869ea7ae2ba6b20d281d810b65aa2418e,Ian Stapleton Cordasco,2024-02-22T18:49:42-06:00,"Merge pull request #6644 from sigmavirus24/bug/6643

Trim excess leading path separators",[]
60389df6d69ce833164696dcf36cbb43336d3426,Ian Stapleton Cordasco,2024-02-22T18:36:44-06:00,"Trim excess leading path separators

A URL with excess leading / (path-separator)s would cause urllib3 to
attempt to reparse the request-uri as a full URI with a host and port.
This bypasses that logic in ConnectionPool.urlopen by replacing these
leading /s with just a single /.

Closes #6643","['src/requests/adapters.py', 'tests/test_adapters.py']"
382fc2c0c6c0ef0874bc65bc1175f97c073e5086,Nate Prewitt,2024-02-22T12:27:37-08:00,"Merge pull request #6629 from Tarty/fix-6628-jsondecode-error-not-deserializable

Fix #6628 - JSONDecodeError are not deserializable",[]
7a13c041dbef42f9f3feb14110f02626f6892e9a,Nate Prewitt,2024-02-20T15:44:43-08:00,"Merge pull request #6642 from nateprewitt/drop_python_37

Drop support for CPython 3.7",[]
58cea7a7282999adafdc19a4e82e2d09207ab568,Nate Prewitt,2024-02-20T15:37:46-08:00,Drop support for CPython 3.7,"['.github/workflows/run-tests.yml', 'README.md', 'docs/community/faq.rst', 'docs/index.rst', 'requirements-dev.txt', 'setup.py', 'tox.ini']"
9439fad03848d882f68710fdb3d69eaf02ef21ca,Ian Stapleton Cordasco,2024-02-20T17:32:57-06:00,"Merge pull request #6641 from nateprewitt/fix_ci

Fix CI",[]
